label,competition_id,season_id,value,match_count,stages
Copa America - 2024,223,282,223|282|ALL,32,3rd Place Final | Final | Group Stage | Quarter-finals | Semi-finals
FIFA World Cup - 2022,43,106,43|106|ALL,64,3rd Place Final | Final | Group Stage | Quarter-finals | Round of 16 | Semi-finals
FIFA World Cup - 2018,43,3,43|3|ALL,64,3rd Place Final | Final | Group Stage | Quarter-finals | Round of 16 | Semi-finals
UEFA Euro - 2024,55,282,55|282|ALL,51,Final | Group Stage | Quarter-finals | Round of 16 | Semi-finals
UEFA Euro - 2020,55,43,55|43|ALL,51,Final | Group Stage | Quarter-finals | Round of 16 | Semi-finals
UEFA Women's Euro - 2025,53,315,53|315|ALL,31,Final | Group Stage | Quarter-finals | Semi-finals
UEFA Women's Euro - 2022,53,106,53|106|ALL,31,Final | Group Stage | Quarter-finals | Semi-finals
Women's World Cup - 2023,72,107,72|107|ALL,64,3rd Place Final | Final | Group Stage | Quarter-finals | Round of 16 | Semi-finals
Women's World Cup - 2019,72,30,72|30|ALL,52,3rd Place Final | Final | Group Stage | Quarter-finals | Round of 16 | Semi-finals
